student_id,minutes_watched
6,67.08
31,174.20
182,2018.87
235,312.22
616,116.02
618,238.15
699,222.35
702,1.60
838,348.28
841,324.75
862,166.73
908,0.92
911,39.35
917,5.67
969,584.60
988,144.78
999,384.22
1016,20.15
1019,56.50
1036,221.62
1046,1406.38
1064,66.85
1085,82.97
1102,271.30
1151,206.23
1159,30.78
1183,46.82
1188,13.02
1200,329.40
1201,7.67
1210,4.40
1215,3.03
1221,227.30
1235,35.98
1246,528.57
1271,3.05
1285,64.05
1306,735.68
1308,0.35
1317,21.27
1355,18.07
1362,13.52
1382,0.33
1404,29.73
1419,63.52
1426,17.78
1434,23.67
1436,0.23
1468,88.63
1517,70.35
1521,776.92
1522,125.88
1530,4.73
1537,19.82
1538,1.70
1539,0.88
1540,675.60
1543,9.28
1563,5.27
1567,365.37
1581,285.95
1605,25.00
1619,1490.73
1641,1.87
1652,1032.87
1661,5.18
1669,52.38
1678,92.92
1742,264.88
1753,55.77
1754,516.18
1778,397.37
1780,0.65
1794,115.52
1802,0.05
1852,218.23
1863,38.17
1864,301.22
1880,719.03
1883,2.67
1909,238.35
1914,20.50
1923,0.55
1950,17.02
1977,748.12
2003,935.67
2014,114.67
2018,161.70
2019,0.53
2055,20.12
2060,22.50
2070,128.38
2073,467.53
2084,89.40
2091,397.03
2110,4.32
2112,876.17
2114,78.18
2195,29.30
2217,11.57
2218,50.63
2222,2.45
2236,9.12
2248,382.25
2255,244.17
2258,7.85
2274,3.72
2284,2.22
2292,43.68
2295,40.02
2324,8.58
2359,0.15
2377,36.10
2385,10.58
2398,368.53
2409,57.35
2417,13.13
2431,0.85
2495,125.35
2506,14.18
2534,0.70
2546,384.00
2555,665.93
2591,89.68
2620,16.07
2636,112.00
2663,15.28
2702,0.45
2723,75.08
2725,125.75
2731,468.67
2734,202.70
2737,680.57
2764,2.67
2811,575.72
2824,18.72
2851,401.57
2866,6.48
2881,1.20
2887,4.08
2925,15.30
2945,54.92
2954,163.12
2973,3.28
2978,199.37
2984,367.02
2986,520.97
3056,1.78
3062,4.38
3070,542.95
3080,77.47
3115,21.03
3146,0.35
3183,147.55
3188,35.15
3195,354.33
3219,163.95
3239,1957.18
3256,360.45
3292,57.95
3338,209.25
3406,16.73
3420,78.92
3423,627.78
3478,0.60
3481,30.58
3511,7.48
3524,58.78
3541,28.05
3577,329.90
3598,133.90
3631,6.78
3643,559.30
3652,20.87
3751,860.05
3780,141.03
3799,177.07
3817,1140.03
3852,5.00
3856,248.58
3916,61.57
3943,163.82
3982,0.05
3984,30.33
3987,0.90
4011,54.98
4019,57.50
4035,26.28
4055,221.25
4059,163.53
4078,0.90
4080,813.48
4162,16.17
4176,37.17
4186,41.82
4194,30.23
4266,121.10
4303,12.28
4320,33.72
4336,723.45
4337,10.47
4371,63.57
4376,41.03
4384,0.08
4392,113.73
4404,185.35
4435,1.37
4537,305.28
4558,163.42
4577,0.12
4595,809.45
4629,234.48
4640,292.98
4698,18.33
4723,596.73
4739,2504.52
4778,36.95
4784,296.60
4795,12.82
4829,137.68
4872,242.52
4874,2412.55
4884,33.27
4908,92.43
5010,617.93
5018,31.50
5064,419.67
5076,5.58
5080,551.50
5109,3.72
5111,34.85
5143,43.40
5212,195.27
5321,1966.65
5323,167.88
5340,224.70
5389,46.50
5427,12.93
5515,6.98
5579,2.08
5583,947.92
5603,4.30
5774,249.22
5827,953.23
5836,643.53
5884,99.28
6011,13.85
6053,986.13
6070,5.78
6096,21.10
6159,253.15
6164,184.83
6165,45.20
6278,1206.45
6408,267.65
6448,181.20
6479,365.20
6505,44.03
6559,461.32
6560,0.47
6589,176.02
6618,123.22
6787,315.15
6805,45.27
6819,28.13
6862,224.52
6885,509.80
6890,62.30
6899,13.85
6930,42.92
6950,879.05
6971,44.85
7008,1.38
7013,5.88
7037,2.20
7069,17.90
7086,250.00
7163,537.53
7178,20.25
7179,4.77
7224,78.63
7244,19.22
7294,21.20
7358,9.30
7382,49.62
7412,61.20
7421,41.88
7439,2131.42
7474,2.72
7475,96.22
7495,57.15
7524,36.52
7540,325.05
7548,43.18
7612,7.42
7620,41.42
7649,7.12
7790,1.38
7873,187.07
7955,134.48
7975,506.97
8018,432.53
8030,26.03
8059,114.10
8095,79.65
8133,164.42
8156,8.92
8223,12.22
8412,44.73
8425,7.87
8431,311.38
8452,64.55
8495,312.52
8544,352.65
8594,1450.45
8600,18.47
8641,85.40
8754,249.37
8840,417.13
8954,7.38
9098,4.62
9107,496.02
9108,2.17
9178,268.60
9188,11.93
9305,174.73
9372,301.92
9409,791.60
9754,684.80
9808,147.12
10051,263.03
10131,76.15
10299,209.98
10422,871.98
10685,74.87
10690,83.77
10938,7.27
11124,50.77
11215,41.48
11250,44.03
11325,10.42
11345,40.97
11353,1095.90
11402,0.12
11680,24.15
11709,225.15
11711,19.85
11717,17.67
11793,10.48
11800,32.62
11808,36.42
11996,0.10
12279,200.92
12284,423.00
12330,71.55
12530,4.55
12532,481.90
12704,12.58
12807,45.60
12816,31.72
12915,17.62
13114,18.50
13180,107.43
13296,133.23
13538,140.22
13620,143.87
13707,91.33
14217,0.77
14382,51.20
14383,52.18
14463,11.55
14633,2.87
14649,51.07
14700,1325.42
14765,1.37
14905,67.33
14967,0.42
15334,19.90
15345,0.05
15478,62.07
15743,87.13
15772,1110.18
15805,161.80
16052,58.65
16054,16.62
16414,55.33
16601,1120.42
16668,535.67
16796,46.35
16832,10.72
16833,405.27
16915,0.12
16979,535.68
17317,1.00
17342,441.97
17378,212.92
17419,702.63
17613,223.83
17859,16.10
17987,4.67
18314,2.10
19124,1366.42
20710,2222.05
21229,138.12
21449,168.62
21464,77.33
22083,149.83
22980,62.22
23403,2.07
23727,245.12
23781,41.37
24006,27.63
24423,236.05
24664,32.35
24701,66.85
24924,53.62
24965,0.32
25047,295.43
25507,60.12
25521,5.82
26661,633.53
27104,187.67
29758,692.83
29960,120.03
30206,483.10
30273,133.65
30872,1001.97
32560,5.20
32973,1.18
33495,32.97
34121,450.67
34172,91.55
34533,31.77
35284,237.83
37017,2.60
37860,752.55
37901,15.40
38359,1471.65
38457,1.98
39563,599.22
40307,36.92
40867,119.70
41336,992.15
42751,55.48
43142,129.47
43191,187.35
43604,4.97
43915,172.17
44965,319.33
47183,895.48
51495,45.68
51872,83.55
55811,84.32
57431,841.33
59138,416.63
59323,784.07
59568,176.57
62735,32.80
63369,58.07
64522,53.65
71716,100.57
74005,183.30
74498,163.85
75080,6.62
77591,48.18
78822,2.67
82986,141.93
88122,43.22
89036,60.30
92449,13.38
93270,106.40
96731,1.52
97530,110.52
97931,1772.92
101982,4.20
103625,13.25
103808,56.15
106235,57.68
107588,168.63
115019,638.15
115084,1.13
117782,0.10
118426,0.28
136313,1.20
137389,804.05
137920,83.45
138534,52.62
138559,22.28
140223,17.27
141316,22.45
142814,162.32
142856,211.10
142965,12.48
143026,40.60
143148,40.77
143214,64.77
143216,144.10
143392,27.02
143407,38.52
143454,9.42
143561,1767.37
143599,37.27
143637,108.85
143701,647.45
143709,1462.22
143785,43.40
143799,4.87
144023,786.57
144151,614.50
144164,410.90
144179,4681.83
144239,96.67
144273,10.12
144348,473.50
144378,62.87
144390,0.92
144397,1205.13
144426,5.23
144467,5.82
144498,127.08
144561,36.65
144599,4.57
144627,75.65
144682,226.15
144788,1082.07
144869,178.45
144900,75.07
144912,64.50
145013,425.27
145177,918.17
145310,36.43
145313,66.72
145484,138.58
145488,0.05
145561,176.33
145569,3.48
145681,1005.23
145713,481.38
145783,11.93
145793,154.97
145813,85.40
145873,64.13
145905,49.47
145944,36.70
146030,151.27
146149,566.57
146255,76.58
146401,75.48
146427,50.70
146551,33.60
146625,9.10
146801,0.40
146855,366.48
146888,13.13
146948,4.77
146957,83.03
146977,27.87
146990,11.82
147005,262.35
147044,4.20
147048,26.30
147061,77.25
147076,77.57
147130,132.53
147132,357.92
147142,35.97
147143,125.08
147146,123.22
147200,42.07
147231,110.00
147291,4.45
147444,12.82
147446,52.45
147448,111.52
147473,29.33
147542,124.83
147618,183.37
147638,210.92
147672,1214.30
147687,1054.13
147802,38.00
147878,2938.07
147884,13.80
147906,15.45
147956,2288.98
147992,2.95
147993,544.67
148060,42.67
148109,7.48
148133,0.95
148222,113.95
148257,14.48
148346,210.45
148372,69.65
148467,142.62
148577,22.67
148628,241.28
148643,97.82
148670,15.70
148755,210.10
148817,4.17
148825,1100.72
148849,30.82
148886,185.38
148901,29.45
148927,110.08
148939,661.32
148996,21.67
149023,14.92
149038,6.37
149042,438.50
149131,12.13
149195,1474.87
149241,590.93
149323,172.72
149361,2.00
149366,7.33
149547,35.58
149554,1.18
149576,4494.42
149584,2.62
149591,7.62
149601,111.47
149652,644.67
149787,163.82
149790,102.10
149812,0.23
149849,133.58
149883,223.52
149892,1.83
149960,47.88
150090,589.05
150265,556.22
150663,221.28
150745,440.17
150823,34.85
150906,160.47
150949,2063.10
151021,64.47
151313,70.47
151366,19.67
151404,50.82
151418,35.77
151663,31.57
151694,863.07
151759,7.82
151849,540.55
151861,4.50
151892,96.37
152109,391.38
152138,147.23
152140,30.75
152174,23.07
152188,43.85
152223,118.23
152241,141.48
152267,0.07
152285,12.83
152472,2.15
152611,122.13
152692,162.10
152825,0.32
152896,579.02
152970,229.12
153036,55.62
153103,472.25
153235,423.15
153351,170.30
153726,34.22
153741,211.22
153745,86.70
153765,1021.63
153895,0.05
153897,20.00
153930,2.33
153938,95.53
153953,226.50
154092,600.83
154143,17.47
154291,359.98
154358,224.73
154378,70.55
154458,1.90
154509,13.25
154556,31.78
154674,578.83
155280,80.75
155427,134.33
155444,407.00
155628,434.95
155640,798.45
155741,41.63
155805,149.38
155900,33.93
155924,124.00
156042,0.45
156057,124.60
156099,5.68
156132,20.87
156159,28.92
156182,704.52
156183,812.93
156184,13.62
156206,1738.28
156240,1465.18
156241,23.97
156276,382.35
156293,169.80
156296,154.00
156342,77.50
156343,51.87
156344,170.43
156356,32.40
156388,32.50
156391,36.60
156399,8.62
156407,1176.38
156409,667.98
156428,117.92
156429,76.18
156439,55.30
156467,1546.02
156484,116.87
156498,466.72
156501,21.53
156510,83.95
156521,293.75
156534,423.92
156541,121.17
156542,45.53
156549,0.37
156561,570.17
156587,217.08
156608,17.70
156610,404.78
156615,27.75
156645,21.43
156647,1033.02
156649,2274.25
156661,36.82
156680,19.13
156693,335.37
156694,5.80
156696,12.78
156702,10.33
156703,11.98
156728,93.42
156760,0.20
156767,150.07
156770,218.88
156774,0.30
156776,1558.35
156780,93.53
156787,59.13
156831,271.57
156841,0.13
156845,504.97
156887,99.78
156894,22.90
156941,21.28
156996,20.62
157171,43.83
157198,2201.85
157218,7.10
157277,696.32
157285,165.25
157360,283.82
157476,147.85
157594,248.87
157698,275.88
157853,4.57
157882,54.83
157934,24.07
157976,425.97
157992,916.27
158034,363.25
158038,50.77
158049,416.72
158104,0.22
158108,393.63
158129,56.62
158179,442.57
158205,33.58
158250,40.77
158336,378.77
158529,329.30
158646,10.68
158659,84.87
158724,1431.57
158990,46.68
159022,111.68
159057,34.33
159060,176.52
159071,22.23
159101,47.62
159105,17.08
159172,5.43
159175,248.93
159186,1421.55
159336,501.23
159353,146.17
159370,6464.82
159457,917.82
159548,569.87
159590,46.45
159621,167.67
159873,1347.23
159875,32.68
159904,11.68
159987,240.97
160032,266.97
160051,15.43
160419,3.48
160452,0.50
160462,75.15
160493,3.18
160524,75.80
160528,714.02
160536,22.20
160562,6.67
160595,675.05
160610,316.27
160677,73.80
160705,35.43
160816,132.30
160960,1116.02
161002,28.98
161060,321.70
161070,96.20
161108,19.52
161132,23.17
161173,319.90
161200,11.12
161209,23.92
161210,805.45
161227,83.90
161241,26.92
161271,278.27
161288,366.38
161338,210.12
161380,2880.08
161395,19.43
161397,16.83
161426,239.80
161474,40.27
161475,372.27
161480,3.68
161483,40.50
161485,183.33
161496,688.05
161515,34.45
161524,159.50
161527,24.77
161537,91.05
161539,0.17
161572,274.32
161580,354.30
161626,233.30
161632,3.38
161640,599.43
161650,12.23
161693,358.42
161703,230.53
161716,1043.97
161785,50.88
161844,703.60
161870,175.92
161887,187.98
161899,584.48
161900,422.98
161935,0.07
162077,435.43
162284,252.22
162406,83.98
162497,1267.38
162502,42.00
162669,14.40
163108,70.47
163144,20.95
163241,99.78
163248,38.97
163452,19.73
163473,348.30
163676,4243.93
163786,3.00
163883,10.77
163884,26.60
163914,65.27
163918,13.82
164222,369.95
164280,8.70
164310,162.02
164348,23.68
164356,0.13
164430,61.60
164442,565.97
164455,5.32
164496,0.05
164701,32.90
164796,20.67
164904,15.62
164997,5.15
165014,27.83
165026,434.53
165187,45.22
165285,1583.35
165364,2.83
165374,246.98
165433,195.90
165480,341.85
165557,34.58
165950,8.65
165954,91.02
166070,843.50
166121,0.08
166145,533.25
166217,13.72
166380,709.93
166461,18.47
166509,50.80
166626,17.32
166652,38.83
166734,370.38
166842,86.80
166907,166.77
167073,10.45
167091,12.12
167295,422.48
167412,56.35
167551,40.10
167554,3.55
167602,0.93
167964,1286.67
168223,75.85
168253,1.72
168777,62.58
169966,469.45
170014,34.17
170034,150.67
170381,162.62
170493,1078.97
170586,1373.88
170706,1.75
170845,11.63
170879,1262.87
170905,176.32
170915,30.28
170942,23.07
170962,125.82
170997,212.57
171001,5.78
171006,121.23
171011,174.63
171032,536.20
171057,302.70
171151,32.83
171176,3.40
171187,14.02
171210,50.53
171232,114.05
171243,26.30
171263,0.45
171275,4.73
171292,4.17
171296,8.07
171302,13.55
171313,1449.70
171339,535.28
171342,375.25
171349,299.35
171350,5.35
171402,0.42
171405,46.98
171407,37.20
171411,23.98
171425,15.25
171439,29.77
171448,350.07
171476,18.22
171479,224.37
171519,435.82
171523,680.08
171536,7.13
171560,54.42
171585,49.57
171586,88.68
171609,92.33
171613,85.53
171645,15.82
171693,533.98
171738,772.27
171827,284.02
171832,9.67
171898,179.00
171900,3448.22
171922,0.83
171942,1545.55
172092,0.80
172126,0.43
172127,734.57
172160,32.68
172174,116.95
172187,72.20
172218,154.38
172219,29.25
172256,15.98
172289,388.40
172349,65.15
172357,347.53
172397,39.45
172424,276.88
172427,7.28
172441,2159.30
172443,51.53
172535,604.27
172619,1171.35
172692,22.83
172701,105.02
172782,206.23
172792,429.65
172793,876.17
172814,562.78
172823,64.72
172948,2.83
172962,77.90
172986,77.30
173018,55.63
173060,10.58
173105,342.10
173236,28.13
173313,869.00
174213,44.87
174650,15.22
174738,62.45
174840,124.72
175038,978.78
175077,72.38
175440,788.92
175629,52.02
175723,0.67
175768,19.25
175955,56.55
175975,101.73
175978,125.68
176012,222.83
176090,2779.98
176192,53.47
176209,11.03
176391,405.53
176531,656.23
176577,78.10
176858,8.82
176870,85.13
177134,21.80
177554,41.18
177665,15.17
177791,70.83
177842,91.02
178111,15.87
178303,46.95
178487,12.35
178655,272.87
178994,20.18
179007,207.20
179103,17.13
179118,118.13
179127,299.17
179203,2255.92
179264,73.43
179463,3.93
179776,66.25
180122,111.50
180153,842.77
180277,41.90
180282,72.58
180668,127.53
180719,154.18
181002,12.65
181083,225.72
181219,1311.10
181404,24.40
181501,6.17
181529,4.13
181545,64.18
181620,1199.13
181800,362.12
181805,278.32
181809,70.45
182149,67.83
182248,306.58
182356,349.62
182377,52.97
182398,114.32
182414,38.02
182533,709.25
182636,175.40
182728,4929.33
182765,115.03
182808,365.07
182880,492.43
182897,201.73
182919,15.42
182962,505.78
183092,101.32
183189,133.10
183370,4.50
183419,452.98
183819,229.77
183925,80.93
183930,18.67
183978,2010.43
184136,93.00
184481,49.57
184631,116.65
184717,260.28
184826,512.98
185009,3.07
185019,2.58
185208,1019.33
185359,0.32
185462,150.70
185764,330.78
185766,8.77
185848,994.32
185851,2785.42
186375,2.45
187084,75.00
187392,186.62
187632,68.83
187639,18.83
187880,155.50
188507,225.77
188691,137.70
188716,319.77
189977,145.42
190394,89.30
190596,82.30
190610,312.83
190625,1031.02
190803,978.52
190825,631.10
191038,210.08
192269,196.93
192293,465.00
192420,451.13
193484,78.42
193509,31.03
193565,46.97
193998,12.53
194507,1316.05
194528,69.05
195067,153.97
195307,324.32
195309,21.42
195506,19.17
195508,2823.77
196040,30.52
196154,67.02
196268,324.12
196357,340.52
196538,672.15
196656,4.05
196681,543.08
196809,765.37
197196,162.90
197346,13.73
197505,719.43
198179,570.30
198240,2.75
198300,35.88
198342,170.30
198868,3.13
198958,129.28
199192,572.92
199750,21.30
200231,906.87
200261,17.58
200337,59.08
201159,476.68
201214,17.42
201470,12.37
201975,28.95
203177,34.50
203950,15.53
204116,714.25
204419,814.12
204773,391.80
205303,16.87
205950,902.73
206242,247.78
207203,0.28
207270,90.30
207559,66.25
208108,140.83
208381,24.58
208412,2.20
208957,180.35
208967,378.28
209256,605.73
209958,156.72
210318,268.02
210367,133.15
210409,123.52
210670,284.77
211139,483.35
211222,25.38
211603,545.97
212436,0.07
212444,16.42
212463,3434.42
212936,123.78
212968,258.60
213109,281.95
213312,229.00
213379,160.77
213528,174.33
213802,182.47
214202,510.80
214254,93.72
214434,0.83
214569,97.82
214994,86.95
215160,388.98
215310,28.55
215377,79.97
215608,572.10
215796,46.83
215869,2.50
216394,2086.00
216409,155.62
216478,291.98
216694,60.62
216760,1.07
217155,1157.15
217601,349.78
217758,19.47
217852,308.22
217976,80.63
218026,4.50
218045,22.38
218048,2934.38
218237,404.72
218699,373.53
218862,6.58
219004,63.68
219446,25.62
219488,1399.17
219514,14.27
219561,602.88
220799,41.42
221116,154.87
221481,111.32
221756,73.77
222007,59.38
222899,1.15
222991,1932.72
223034,152.22
223510,33.00
223701,4.07
223933,952.23
224276,43.25
224426,69.30
224777,38.85
225103,44.28
225216,387.95
225305,11.97
225335,28.40
225377,6.28
225394,341.80
225736,49.73
225771,25.95
225789,442.57
225936,0.07
225955,363.37
225990,6.80
226169,802.75
226465,0.20
226611,62.87
226653,33.28
226734,31.85
226945,40.92
227387,588.08
227536,40.48
227645,33.53
227678,772.90
227711,1029.88
227760,207.00
227874,395.87
228222,9.20
228262,445.60
228416,16.28
228445,9.27
228557,134.57
228646,22.22
228826,220.55
228952,74.13
229073,8.90
229525,1087.25
229699,388.65
230140,608.90
230151,883.20
230179,4.58
230273,144.92
230326,528.62
230336,21.17
231080,293.87
231588,445.40
232006,2.45
232131,595.08
232898,469.57
232908,122.83
233060,28.77
233090,19.55
233160,426.60
233322,37.13
233619,1523.60
233857,24.62
233908,35.20
233911,17.20
234155,225.53
234364,50.48
234596,773.77
234600,85.20
234748,280.93
234971,2.40
235023,34.72
235034,84.30
235095,1566.50
235155,35.73
235168,396.72
235192,1051.25
235274,345.50
235442,120.00
235486,29.27
235548,441.83
235620,16.43
235677,43.25
235692,212.62
235735,534.15
235863,285.75
235980,119.80
235996,370.53
236349,0.40
236361,456.70
236417,154.90
236455,146.17
236583,50.35
236628,856.90
236784,99.78
236797,628.10
236968,267.32
237063,3.35
237081,480.50
237186,27.37
237385,9.75
238014,37.95
238018,51.55
238234,25.95
238267,470.77
238315,545.25
238593,4.23
238800,366.67
238813,3.88
238848,1924.93
238879,52.37
238987,570.57
239003,287.37
239289,12.53
239552,40.43
239554,53.28
239645,145.80
239647,17.30
239765,53.15
239932,42.00
240248,443.97
240294,120.63
240444,0.42
240446,726.33
240583,7.57
240610,67.42
240763,13.38
240822,28.00
240987,253.03
241008,123.58
241036,145.78
241407,2.37
241632,977.67
242205,551.92
242229,111.63
242308,38.60
242454,841.87
242790,52.47
242856,10.13
242876,7.25
243273,51.67
243618,288.20
243827,14.02
243847,528.17
243941,1103.00
243951,5.33
244031,369.02
244048,753.43
244058,49.45
244342,200.90
244504,91.58
244586,101.97
244886,556.72
244937,37.22
245078,55.65
245707,0.85
245804,191.38
245829,118.38
246014,23.08
246109,45.70
246119,16.03
246267,3711.67
246415,0.22
246846,11.32
246945,0.05
247102,48.12
247618,581.00
247676,99.00
247713,434.58
247869,0.33
247871,81.65
248036,354.75
248154,42.38
248305,558.08
248414,427.03
248535,110.20
248675,9.47
248806,4.75
248879,12.25
248992,103.32
249195,134.58
249243,3.03
249247,80.75
249258,0.28
249318,143.82
249481,10.45
249494,61.73
249503,1428.20
249600,7.05
250115,352.88
250255,24.30
250351,153.85
250386,75.83
250388,121.07
250466,0.22
250609,7.38
250629,76.17
250694,489.73
250924,198.17
251217,358.40
251293,337.32
251329,414.75
251499,1.77
251554,39.87
251612,250.57
251728,8.05
251774,504.37
252008,927.18
252053,1.92
252073,23.07
252175,120.30
252200,39.55
252339,2260.82
252678,1582.23
252812,211.33
252896,13.48
253149,10.27
253157,0.57
253225,3.28
253248,8.57
253264,898.42
253303,19.63
253338,65.37
253522,30.13
253574,1176.13
253589,95.87
253682,493.32
253766,4.22
253788,49.75
253823,1089.60
253827,968.85
253829,2229.75
253843,381.47
253896,1026.98
253909,29.47
253941,71.62
253948,83.67
253975,521.85
254057,160.10
254088,260.52
254092,176.80
254098,30.75
254117,136.62
254123,0.93
254127,915.23
254129,442.78
254136,56.85
254152,237.22
254170,249.20
254199,747.47
254227,16.95
254247,70.07
254261,0.45
254289,55.10
254301,31.97
254310,1317.85
254329,189.73
254331,74.55
254353,54.37
254372,35.65
254378,274.42
254389,38.18
254397,21.58
254428,55.55
254432,4.55
254450,30.02
254459,44.97
254465,215.17
254466,130.58
254467,494.97
254469,92.42
254478,119.58
254479,36.10
254501,344.55
254505,48.73
254526,32.68
254527,42.85
254529,7.70
254541,6.58
254550,5.72
254553,1148.97
254558,757.53
254569,39.67
254571,232.63
254596,92.95
254601,386.55
254603,60.90
254613,0.07
254635,38.23
254651,0.10
254653,371.70
254658,0.25
254672,1.67
254681,18.47
254693,1066.28
254697,1192.98
254713,1835.53
254725,294.03
254731,96.87
254737,54.67
254744,83.17
254759,336.60
254761,36.67
254775,81.52
254776,282.68
254777,1.52
254791,164.67
254795,0.70
254796,65.92
254798,44.03
254799,80.43
254810,1.25
254813,601.65
254832,0.05
254839,2.05
254842,84.72
254852,1.50
254854,48.23
254855,80.50
254858,257.50
254860,289.70
254868,97.12
254869,139.92
254872,48.88
254874,0.20
254878,7.58
254882,11.47
254886,9.60
254913,31.37
254914,1020.10
254919,33.55
254929,833.83
254931,239.85
254935,12.70
254941,136.48
254953,749.80
254958,512.72
254971,17.62
254972,173.57
254974,516.82
254976,4.13
254978,207.18
254983,129.63
254985,1.98
255000,111.60
255012,158.02
255016,357.77
255017,12.83
255031,2.93
255033,148.05
255038,1.08
255044,69.82
255047,12.07
255058,731.73
255059,395.85
255062,44.53
255076,0.43
255091,48.08
255128,488.95
255148,40.98
255153,58.22
255169,367.25
255186,404.53
255187,53.33
255189,0.25
255204,4.68
255206,19.67
255207,157.70
255220,1096.63
255232,180.77
255241,267.70
255257,244.05
255267,119.37
255269,279.55
255271,222.08
255272,36.22
255275,723.55
255277,42.18
255282,657.80
255296,589.55
255306,168.42
255315,1.27
255332,6.77
255333,2.83
255335,111.58
255341,50.02
255342,19.68
255343,65.17
255353,96.75
255366,263.45
255372,118.57
255391,232.52
255396,593.33
255405,3.33
255449,138.53
255486,282.52
255488,193.33
255529,1.92
255534,118.33
255563,389.60
255589,4.72
255668,733.63
255765,164.80
255827,1054.35
255912,42.88
255924,15.95
256265,185.15
256313,225.55
256405,90.00
256422,54.42
256432,549.55
256443,173.07
256448,2073.87
256484,34.38
256670,1528.85
256703,1914.42
256753,37.00
256788,62.95
256826,38.08
256834,130.00
256838,7.70
256954,284.45
256969,454.68
256970,0.70
257095,880.05
257112,265.60
257130,137.18
257151,916.03
257155,282.30
257234,422.57
257236,5.10
257244,61.75
257330,8.23
257384,630.03
257415,181.40
257509,54.32
257532,67.18
257609,662.50
257651,13.53
257898,50.43
257938,4.17
258044,1095.57
258137,104.68
258141,351.82
258154,1010.08
258163,54.68
258223,6.90
258256,73.63
258311,132.03
258320,81.08
258325,15.32
258337,675.45
258373,1066.22
258386,207.72
258463,198.08
258520,9.07
258561,195.37
258581,231.65
258620,14.27
258636,687.77
258703,47.95
258743,3.80
258782,387.38
258800,66.87
258803,8.45
258818,227.43
258913,480.28
258916,94.20
258922,2.87
258955,93.90
258956,325.97
258984,129.10
259019,0.17
259026,292.13
259054,60.38
259070,0.27
259106,334.55
259174,281.50
259258,88.72
259262,209.67
259283,564.65
259300,260.00
259408,1.88
259429,507.32
259483,75.43
259491,105.68
259494,113.58
259504,2051.80
259506,9.68
259524,431.15
259533,220.88
259549,0.17
259654,0.27
259657,892.48
259702,33.43
259767,1997.07
259777,48.60
259781,8.77
259834,0.05
259860,1595.12
259870,1400.47
259884,1119.37
259952,289.25
259959,334.90
259996,516.23
260042,1700.32
260111,125.93
260126,14.42
260132,124.38
260168,935.27
260173,1378.07
260176,29.80
260181,131.30
260192,327.25
260200,432.17
260321,283.62
260329,82.05
260345,1387.15
260356,120.95
260465,1228.20
260486,0.68
260549,26.68
260572,426.80
260578,31.98
260593,162.67
260608,638.90
260616,1253.08
260646,29.15
260649,323.22
260684,183.98
260702,2.65
260707,36.08
260754,1256.03
260787,69.63
260813,0.72
260815,374.60
260829,294.72
260833,118.33
260861,194.03
260891,9.73
260910,529.83
260915,46.98
260916,35.52
260929,296.82
260952,285.35
260954,96.85
260964,107.53
260968,82.88
260971,24.32
260977,56.68
260980,817.02
260998,1906.50
261004,130.00
261019,719.50
261059,215.90
261072,105.92
261073,425.75
261085,0.65
261086,178.28
261110,0.25
261121,198.25
261158,254.48
261171,728.08
261173,2.47
261189,405.08
261200,9.75
261212,1409.43
261239,489.98
261241,29.22
261288,113.95
261293,227.78
261323,108.28
261325,448.38
261337,571.67
261367,122.05
261374,142.90
261390,107.47
261393,412.78
261408,54.47
261412,1648.30
261417,322.78
261446,378.90
261452,32.70
261466,1621.37
261483,19.85
261490,96.57
261491,40.85
261495,30.30
261510,170.35
261515,7.13
261519,147.82
261522,201.45
261550,636.48
261552,123.02
261554,128.73
261565,59.70
261567,16.23
261577,0.60
261582,1.00
261589,9.40
261590,864.22
261593,270.42
261607,21.07
261608,88.12
261610,85.12
261626,191.58
261633,71.97
261644,203.65
261647,914.22
261658,199.35
261668,178.70
261670,44.10
261674,17.43
261679,29.60
261680,164.30
261682,1501.77
261692,79.18
261693,450.08
261714,111.17
261724,135.65
261735,585.50
261737,417.50
261753,26.30
261756,1424.67
261758,52.40
261766,234.70
261771,882.23
261777,2779.63
261778,1346.47
261782,19.98
261783,45.87
261785,1445.70
261788,0.57
261801,2338.62
261802,361.07
261805,37.77
261809,91.33
261810,200.62
261813,427.45
261819,37.43
261820,348.63
261828,59.22
261883,426.72
261905,2220.75
261990,10.53
262044,0.58
262068,139.20
262112,1574.37
262203,10.03
262224,150.25
262237,116.03
262260,164.20
262270,240.52
262273,47.45
262297,16.97
262377,230.62
262386,332.07
262406,570.57
262412,687.73
262414,1487.72
262459,1077.42
262487,88.92
262569,395.40
262578,62.63
262580,32.32
262585,1220.98
262596,11.27
262599,296.07
262634,158.88
262641,542.63
262643,409.67
262714,358.67
262754,14.30
262761,172.63
262784,4.48
262792,132.37
262817,265.92
262819,492.62
262821,451.80
262908,0.43
262955,18.82
262988,736.50
262992,595.28
263008,348.38
263065,30.40
263076,1315.42
263087,716.00
263104,1.43
263118,107.17
263231,102.70
263293,995.50
263296,258.58
263300,0.90
263307,120.90
263309,526.25
263321,441.40
263368,387.03
263388,14.95
263392,155.73
263456,262.45
263472,132.22
263480,228.20
263494,798.05
263496,342.12
263501,28.75
263529,388.08
263531,304.62
263579,346.18
263639,130.17
263648,17.53
263650,158.67
263661,86.97
263672,16.70
263677,19.08
263683,167.38
263690,1030.07
263693,306.37
263706,148.88
263759,377.93
263791,40.18
263798,27.60
263845,55.45
263859,262.17
263913,88.57
263920,3.08
263933,4.53
263934,17.95
264049,368.17
264081,574.32
264131,323.67
264141,56.58
264146,1809.10
264253,337.07
264254,76.92
264259,50.08
264291,7.48
264295,2376.15
264368,2.17
264400,294.22
264404,518.60
264425,835.77
264472,195.53
264476,1397.18
264514,763.43
264623,220.98
264637,187.93
264679,28.38
264684,625.68
264687,82.53
264696,219.08
264732,10.85
264761,127.97
264826,239.25
264843,125.22
264916,779.43
264954,681.85
264998,2.53
265003,1115.90
265005,525.83
265025,71.00
265044,494.42
265092,1480.15
265093,200.98
265101,424.83
265106,10.10
265110,584.05
265121,2.45
265130,118.85
265165,57.65
265176,57.82
265196,166.43
265218,75.75
265241,28.55
265250,1213.63
265262,33.28
265310,608.37
265317,310.93
265337,11.28
265415,413.00
265449,86.52
265462,16.50
265489,12.00
265519,470.38
265572,80.78
265578,71.10
265588,1465.75
265628,655.95
265653,181.82
265686,132.82
265714,5.27
265789,251.82
265848,207.65
265878,636.08
265906,14.53
265918,13.50
265927,41.32
265928,1656.52
265966,853.88
265967,1371.45
265970,163.22
266001,1749.95
266012,1258.25
266057,109.33
266095,514.37
266099,26.97
266112,5311.62
266123,0.63
266249,12.73
266308,1.38
266316,1.15
266325,28.47
266332,705.80
266340,82.70
266366,29.10
266395,337.95
266402,1.08
266410,13.28
266455,10.13
266477,69.85
266512,1936.30
266529,1179.80
266544,39.78
266548,1589.40
266584,177.35
266603,3.38
266614,819.33
266615,3.88
266616,94.78
266693,473.27
266725,743.13
266731,501.38
266754,328.73
266758,1064.42
266766,1233.13
266788,1288.00
266810,73.58
266811,154.07
266894,67.50
267010,1174.67
267011,135.85
267026,429.58
267064,1787.35
267090,29.12
267106,67.92
267109,57.50
267114,450.72
267174,20.92
267203,515.77
267235,32.17
267286,753.38
267358,104.05
267443,321.83
267487,184.67
267488,141.05
267496,165.75
267498,193.88
267558,592.15
267613,5.82
267643,726.20
267662,0.28
267670,0.20
267721,615.40
267765,428.73
267778,6.02
267812,1674.33
267813,585.48
267824,21.23
267843,56.88
267854,271.75
267878,35.38
267885,443.63
267898,1379.63
267916,2326.67
267919,300.78
267936,2542.98
267949,110.65
267959,809.78
268011,2544.77
268045,857.28
268046,10.03
268053,262.60
268104,112.75
268113,320.23
268129,593.00
268147,80.95
268152,729.97
268226,43.38
268242,690.37
268257,206.33
268263,595.95
268287,132.45
268293,518.42
268321,81.67
268331,2237.55
268337,128.40
268344,87.50
268348,94.77
268352,435.80
268357,1405.98
268373,84.98
268374,81.88
268389,130.30
268390,2009.38
268393,3.07
268408,240.90
268409,341.18
268410,459.48
268420,92.62
268465,236.37
268473,362.83
268480,19.05
268510,167.53
268511,91.00
268516,1269.25
268527,15.40
268529,490.18
268545,6.72
268553,78.13
268556,908.65
268558,282.47
268584,391.73
268600,156.45
268618,196.47
268641,557.12
268643,246.97
268647,2.17
268714,561.08
268718,260.45
268732,19.52
268736,13.90
268742,30.73
268764,1941.10
268768,458.22
268779,117.92
268792,147.57
268796,1844.53
268800,753.90
268805,1880.25
268811,519.43
268817,109.90
268825,1609.35
268827,224.02
268830,52.18
268857,57.03
268863,517.40
268866,441.78
268877,22.37
268883,28.70
268892,24.60
268903,230.12
268908,8.53
268915,159.92
268922,670.73
268923,456.37
268926,2070.15
268929,107.52
268940,847.87
268962,569.23
268978,3002.23
268985,1491.07
268989,1480.08
268990,1551.58
269000,634.92
269010,1078.30
269012,49.47
269013,333.78
269016,115.62
269020,125.78
269030,36.43
269036,113.42
269038,58.98
269040,2444.35
269047,349.65
269050,329.45
269054,778.33
269064,1397.22
269066,1832.58
269068,212.05
269070,573.37
269120,2.27
269130,119.05
269174,5.02
269188,40.97
269204,2947.78
269220,237.98
269289,165.17
269314,1675.65
269457,11.02
269470,267.83
269485,921.82
269492,588.65
269501,246.72
269518,1662.82
269519,521.85
269534,18.97
269535,21.95
269540,374.35
269541,1504.12
269549,777.87
269570,569.80
269594,181.42
269633,116.35
269646,1220.07
269653,504.10
269662,151.93
269670,218.13
269671,465.35
269728,0.45
269741,1937.60
269744,907.43
269754,111.10
269771,861.20
269796,54.55
269843,513.47
269862,60.17
269864,212.33
269872,701.03
269874,242.53
269894,19.78
269896,4.25
269898,471.55
269924,1048.40
269934,879.12
269937,246.17
269959,258.23
269975,371.13
269976,432.42
269978,339.32
269981,140.25
269984,711.02
270000,151.62
270003,162.20
270009,171.58
270014,342.95
270018,143.92
270022,548.57
270036,457.85
270042,1368.35
270062,214.05
270075,2588.00
270098,363.75
270103,111.65
270135,249.33
270179,536.13
270183,78.55
270188,198.43
270197,97.82
270240,694.68
270244,34.60
270247,512.52
270263,706.75
270265,123.07
270304,58.93
270324,59.17
270363,255.42
270367,341.50
270393,700.20
270455,65.03
270460,936.02
270474,180.92
270486,953.03
270509,64.02
270596,98.60
270599,2619.62
270602,19.50
270606,908.83
270616,11.20
270619,344.35
270633,692.10
270648,103.13
270670,88.98
270671,419.37
270700,611.55
270710,912.18
270725,312.15
270738,1342.07
270744,963.80
270784,103.92
270811,185.90
270824,215.27
270833,506.48
270848,105.45
270898,31.87
270911,138.30
270928,67.38
270930,397.17
270931,915.03
270947,20.47
270957,1320.95
270968,161.25
270988,432.57
271006,132.08
271015,2044.02
271035,1532.88
271054,22.62
271082,24.88
271083,187.82
271094,181.30
271098,23.27
271114,166.62
271125,10.43
271140,702.82
271154,2510.02
271169,301.02
271185,1506.78
271197,130.97
271220,191.73
271228,75.48
271243,471.03
271296,58.40
271300,829.83
271310,22.42
271326,798.47
271338,492.02
271348,890.82
271352,198.98
271388,69.72
271426,43.70
271465,831.28
271488,47.55
271508,183.25
271519,1571.22
271543,951.15
271557,189.70
271617,12.32
271664,536.60
271670,267.60
271720,50.85
271755,35.40
271760,52.00
271761,1452.97
271768,1.83
271787,98.60
271792,317.18
271800,2011.07
271806,152.07
271837,236.60
271851,673.18
271856,694.27
271872,391.67
271896,342.92
271903,599.05
271925,143.45
271950,1807.50
271951,15.40
271991,1079.05
272001,1298.62
272029,606.65
272035,2081.60
272058,687.58
272059,15.68
272063,93.55
272127,4.48
272128,2.27
272157,379.13
272175,273.45
272199,728.87
272213,79.65
272255,713.95
272261,485.12
272282,74.62
272283,451.23
272359,48.80
272425,303.18
272437,789.95
272452,361.93
272463,364.70
272472,2780.10
272504,335.05
272510,357.87
272543,172.00
272544,9.07
272569,187.83
272570,325.38
272586,83.63
272596,1042.13
272616,337.87
272659,56.30
272696,202.80
272717,2416.55
272755,178.32
272792,106.93
272838,201.48
272842,6163.18
272865,846.07
272887,162.47
272906,47.87
272909,4111.93
272918,347.35
272923,42.28
272926,17.73
272961,128.25
272965,2342.55
272977,167.95
272979,460.83
272983,107.32
272991,2160.57
273034,452.25
273060,974.52
273068,421.03
273117,18.72
273126,712.68
273131,37.72
273164,27.98
273214,77.15
273235,116.58
273249,395.93
273329,570.37
273371,168.53
273423,5334.78
273464,444.23
273486,515.97
273523,14.90
273544,266.05
273599,103.48
273628,115.23
273630,105.03
273654,333.50
273671,601.30
273684,45.43
273695,177.58
273839,77.83
273841,1047.52
273846,404.07
273862,144.83
273936,27.80
273953,28.40
273992,356.48
273994,9.88
274000,139.58
274039,1160.60
274050,3073.05
274057,156.48
274070,1262.57
274087,190.00
274130,1077.68
274157,476.45
274162,847.95
274163,737.02
274166,1.35
274189,282.33
274209,1029.22
274269,212.87
274273,601.33
274276,164.20
274278,213.10
274371,265.08
274377,214.20
274382,626.35
274402,105.03
274433,335.43
274438,15.00
274460,680.65
274475,261.78
274498,544.25
274501,297.33
274521,89.78
274536,331.33
274544,85.43
274552,191.50
274564,1862.78
274572,725.83
274576,1203.13
274585,30.05
274589,87.88
274611,152.23
274630,178.63
274631,74.43
274639,31.90
274652,159.70
274663,0.05
274723,144.17
274746,38.20
274766,42.37
274781,49.93
274798,629.15
274814,823.72
274825,1147.78
274836,89.18
274838,82.53
274861,1171.38
274879,21.72
274880,58.73
274882,9.17
274901,193.88
274904,430.45
274906,1482.15
274908,458.45
274929,815.87
274940,179.47
274948,361.47
274951,63.33
274958,108.20
274985,71.72
274994,435.90
274996,760.40
274999,183.07
275008,173.43
275020,1193.27
275021,210.47
275033,1520.23
275038,715.03
275039,47.13
275049,19.93
275050,543.22
275056,192.57
275069,81.87
275081,49.63
275092,30.27
275098,165.30
275100,138.43
275103,169.48
275112,150.27
275113,67.23
275126,2.10
275129,1416.27
275132,574.78
275141,94.93
275148,218.37
275154,136.52
275158,99.93
275163,74.55
275165,657.27
275173,231.97
275215,70.25
275253,25.12
275273,234.17
275275,324.93
275276,23.13
275277,528.00
275282,941.87
275286,269.18
275290,223.72
275292,21.22
275293,104.57
275343,17.22
275362,154.95
275373,57.22
275389,52.38
275408,83.78
275412,101.83
275413,269.15
275422,51.43
275438,41.33
275440,77.27
275442,1505.03
275444,30.92
275449,772.07
275457,74.95
275463,86.73
275468,255.57
275470,1443.37
275479,280.23
275490,300.00
275498,49.52
275503,3.57
275510,37.15
275513,136.48
275516,43.48
275518,21.87
275529,26.05
275532,66.68
275533,18.85
275534,88.52
275548,97.48
275552,302.38
275554,20.93
275565,13.65
275566,4.72
275567,1312.83
275570,103.35
275571,16.12
275572,108.92
275574,419.92
275575,60.93
275582,8.42
275589,108.27
275590,637.63
275591,52.80
275592,51.18
275598,10.38
275624,163.62
275629,23.75
275637,460.48
275644,60.42
275660,18.67
275664,44.82
275677,153.13
275682,7.15
275684,140.87
275741,50.22
275757,27.00
275788,385.58
275799,324.60
276104,6.57
276112,135.20
276130,148.20
276135,1138.93
276232,301.60
276238,564.48
276261,222.83
276265,280.65
276383,155.83
276395,146.78
276414,7.10
276420,166.52
276439,1518.10
276455,1248.85
276480,163.37
276490,1165.85
276510,267.13
276542,258.92
276553,73.95
276562,169.55
276598,160.98
276666,44.18
276671,193.38
276708,567.43
276781,8.40
276783,698.83
276784,550.53
276788,389.83
276829,26.25
276852,62.23
276857,41.85
276887,449.72
276932,85.65
276938,357.97
276990,243.40
276998,115.10
277012,87.53
277063,205.43
277066,833.42
277084,939.48
277099,187.37
277105,34.40
277109,265.82
277135,60.98
277182,58.18
277238,31.25
277271,58.65
277285,992.13
277384,371.18
277398,536.78
277403,214.25
277410,146.98
277419,6.33
277461,147.75
277499,452.42
277508,991.05
277521,161.32
277524,28.85
277544,102.58
277556,28.77
277557,1308.02
277562,308.65
277590,458.07
277591,2.08
277609,445.18
277668,51.87
277670,33.47
277704,4.43
277715,43.68
277728,37.55
277766,109.12
277791,488.25
277803,159.13
277814,8.45
277821,490.60
277825,338.32
277845,74.72
277864,288.53
277866,828.52
277880,6.18
277945,311.77
277953,157.00
277964,308.62
277977,10.13
278055,222.32
278080,163.95
278115,135.67
278129,202.95
278143,9.35
278177,200.88
278215,2.03
278280,220.65
278283,1054.88
278326,271.53
278344,398.02
278444,67.67
278459,6.65
278509,662.55
278531,22.90
278582,396.08
278586,310.75
278642,211.52
278695,95.58
278701,1.32
278716,244.52
278723,33.62
278753,636.97
278758,225.93
278764,689.20
278788,382.05
278851,6.70
278875,155.05
278881,490.33
278882,174.78
278890,73.63
278905,159.20
278906,141.05
278915,45.77
278927,383.85
278940,590.28
278958,222.95
278995,67.40
279132,240.33
279138,406.27
279264,202.50
279352,173.05
279394,6.22
279409,183.07
279468,160.08
279470,186.60
279519,184.20
279625,50.78
279680,136.22
279722,30.92
279738,158.07
279748,30.73
279751,50.40
279766,132.80
